First Name,Last Name,Email,Account Type,Year of Graduation,Is Member,Degree,Registration Date,Checked-In Date,Attendee's Rating,Attendee's Feedback,Net ID
Kernell,Slack,kslack@smu.edu,Undergraduate Student,2027,No,UG Cox School of Business,10/25/2024 10:22:29 AM,10/26/2024 6:07:52 PM,,,49205773@smu.edu
ShyAnte'e,Williams,shyanteew@smu.edu,Staff,Unknown,Yes,Master's of Arts in Higher Education,10/25/2024 4:17:10 PM,10/26/2024 7:06:12 PM,,,46798462@smu.edu
Abdulmohsen,Alkhathlan,aalkhathlan@smu.edu,Graduate Student,2025,No,Law - Masters,10/25/2024 8:44:31 PM,10/26/2024 11:35:44 PM,,,49578809@smu.edu
Abdulmohsen,Alkhathlan,aalkhathlan@smu.edu,Graduate Student,2025,No,Law - Masters,10/25/2024 8:44:31 PM,10/26/2024 11:35:46 PM,,,49578809@smu.edu
Abdulmohsen,Alkhathlan,aalkhathlan@smu.edu,Graduate Student,2025,No,Law - Masters,10/25/2024 8:44:31 PM,10/26/2024 11:35:47 PM,,,49578809@smu.edu
Cara,Kilgo,ckilgo@smu.edu,Undergraduate Student,2028,No,SMU Pre-Majors,10/25/2024 9:21:32 PM,10/26/2024 11:35:48 PM,,,49438266@smu.edu
Isabella,Marotta,imarotta@smu.edu,Undergraduate Student,2028,No,SMU Pre-Majors,10/26/2024 5:02:38 PM,10/26/2024 11:35:48 PM,,,49426280@smu.edu
Erika,Puente Lopez,epuentelopez@smu.edu,Undergraduate Student,2026,No,UG School of Engr & Appl Sci,10/26/2024 5:54:44 PM,10/26/2024 5:54:45 PM,,,48804163@smu.edu
Roxana,Dicusara,rdicusara@smu.edu,Undergraduate Student,2027,No,UG School of Engr & Appl Sci,10/26/2024 5:55:03 PM,10/26/2024 5:55:03 PM,,,49287621@smu.edu
Meera,Sengottiyan,msengottiyan@smu.edu,Undergraduate Student,2027,No,UG Cox School of Business,10/26/2024 5:55:33 PM,10/26/2024 5:55:33 PM,,,49145193@smu.edu
Crystal,Puga,capuga@smu.edu,Undergraduate Student,2027,Yes,UG Cox School of Business,10/26/2024 5:55:51 PM,10/26/2024 5:55:51 PM,,,49155346@smu.edu
Melanie,Verdi,mverdi@smu.edu,Undergraduate Student,2026,No,Dedman College,10/26/2024 5:56:03 PM,10/26/2024 5:56:03 PM,,,48931511@smu.edu
Daniel,Seo,dseo@smu.edu,Undergraduate Student,2028,Yes,SMU Pre-Majors,10/26/2024 5:56:15 PM,10/26/2024 5:56:15 PM,,,49533790@smu.edu
Jonathan,Paspula,jpaspula@smu.edu,Undergraduate Student,2024,No,Dedman College,10/26/2024 5:57:44 PM,10/26/2024 5:57:45 PM,,,48182905@smu.edu
Hunter,Lento,hlento@smu.edu,Undergraduate Student,2027,No,Dedman College,10/26/2024 5:58:01 PM,10/26/2024 5:58:01 PM,,,49080973@smu.edu
Alec,Pedraza,ajpedraza@smu.edu,Undergraduate Student,2026,No,SMU Pre-Majors,10/26/2024 6:00:08 PM,10/26/2024 6:00:09 PM,,,48772820@smu.edu
Marlen,Gonzalez,marleng@smu.edu,Undergraduate Student,2027,Yes,UG Cox School of Business,10/26/2024 6:00:42 PM,10/26/2024 6:00:43 PM,,,49197934@smu.edu
Ayan,Khan,ayank@smu.edu,Undergraduate Student,2026,Yes,UG Cox School of Business,10/26/2024 6:01:54 PM,10/26/2024 6:01:55 PM,,,48874272@smu.edu
Cruise,Le Blanc,caleblanc@smu.edu,Undergraduate Student,2028,No,SMU Pre-Majors,10/26/2024 6:02:04 PM,10/26/2024 6:02:04 PM,,,49471325@smu.edu
Hannah,White,whitehm@smu.edu,Undergraduate Student,2026,No,UG Meadows School of the Arts,10/26/2024 6:02:19 PM,10/26/2024 6:02:20 PM,,,49288635@smu.edu
Pojun,Quan,pquan@smu.edu,Graduate Student,2025,No,Chemistry-Doctoral,10/26/2024 6:03:51 PM,10/26/2024 6:03:51 PM,,,48359913@smu.edu
Vicky,Zhao,vzhao@smu.edu,Undergraduate Student,2028,No,SMU Pre-Majors,10/26/2024 6:04:29 PM,10/26/2024 6:04:29 PM,,,49552003@smu.edu
Brice,Cullors,bcullors@smu.edu,Undergraduate Student,2028,No,SMU Pre-Majors,10/26/2024 6:05:14 PM,10/26/2024 6:05:14 PM,,,49444285@smu.edu
Camila,Trevino,camilatrevino@smu.edu,Undergraduate Student,2025,No,UG Meadows School of the Arts,10/26/2024 6:05:34 PM,10/26/2024 6:05:34 PM,,,49330144@smu.edu
Bashir,Iman,biman@smu.edu,Undergraduate Student,2028,No,SMU Pre-Majors,10/26/2024 6:06:09 PM,10/26/2024 6:06:09 PM,,,49669458@smu.edu
Bonita,Davis,bgdavis@smu.edu,Undergraduate Student,2026,Yes,UG School of Engr & Appl Sci,10/26/2024 6:06:18 PM,10/26/2024 6:06:18 PM,,,48869280@smu.edu
Joseph,Lane,jslane@smu.edu,Undergraduate Student,2028,No,SMU Pre-Majors,10/26/2024 6:06:39 PM,10/26/2024 6:06:39 PM,,,49575442@smu.edu
Tristan,Deters,tdeters@smu.edu,Undergraduate Student,2027,Yes,UG Cox School of Business,10/26/2024 6:06:39 PM,10/26/2024 6:06:39 PM,,,49212806@smu.edu
Ava,Everett,ameverett@smu.edu,Undergraduate Student,2027,No,UG School of Engr & Appl Sci,10/26/2024 6:06:56 PM,10/26/2024 6:06:56 PM,,,49136678@smu.edu
Olivia,Gonzalez,orgonzalez@smu.edu,Undergraduate Student,2027,No,UG Meadows School of the Arts,10/26/2024 6:07:43 PM,10/26/2024 6:07:43 PM,,,49197947@smu.edu
Amanda,Wachuku,awachuku@smu.edu,Undergraduate Student,2028,No,SMU Pre-Majors,10/26/2024 6:04:52 PM,10/26/2024 6:04:52 PM,,,49671720@smu.edu
Sheridan,McAtee,smcatee@smu.edu,Undergraduate Student,2026,No,UG School of Engr & Appl Sci,10/26/2024 6:09:06 PM,10/26/2024 6:09:06 PM,,,48965129@smu.edu
Andrusha,Parilov Harden,aparilovharden@smu.edu,Undergraduate Student,2026,No,UG Cox School of Business,10/26/2024 6:09:14 PM,10/26/2024 6:09:14 PM,,,48799665@smu.edu
Suniti,Bhikshesvaran,sbhikshesvaran@smu.edu,Undergraduate Student,2025,Yes,UG Meadows School of the Arts,10/26/2024 6:09:32 PM,10/26/2024 6:09:32 PM,,,48476420@smu.edu
Max,Engelbrecht,mengelbrecht@smu.edu,Undergraduate Student,2027,Yes,Dedman College,10/26/2024 6:09:55 PM,10/26/2024 6:09:55 PM,,,49136600@smu.edu
Jack,Levison,jlevison@smu.edu,Faculty,Unknown,No,,10/26/2024 6:10:14 PM,10/26/2024 6:10:14 PM,,,46852420@smu.edu
Case,Hoogland,choogland@smu.edu,Undergraduate Student,2025,No,Dedman College,10/26/2024 6:10:59 PM,10/26/2024 6:10:59 PM,,,49001451@smu.edu
Sydney,Williams,sydneywn@smu.edu,Graduate Student,2026,No,UG Cox School of Business,10/26/2024 6:11:15 PM,10/26/2024 6:11:15 PM,,,49053270@smu.edu
Ayoola,Olaosebikan,aolaosebikan@smu.edu,Undergraduate Student,2026,No,UG School of Engr & Appl Sci,10/26/2024 6:11:25 PM,10/26/2024 6:11:25 PM,,,48966806@smu.edu
Ayoola,Olaosebikan,aolaosebikan@smu.edu,Undergraduate Student,2026,No,UG School of Engr & Appl Sci,10/26/2024 6:11:25 PM,10/26/2024 6:18:56 PM,,,48966806@smu.edu
Michelle,Tes,mtes@smu.edu,Undergraduate Student,2026,Yes,Dedman College,10/26/2024 6:12:03 PM,10/26/2024 6:12:03 PM,,,48807075@smu.edu
Crystal,Liu,cqliu@smu.edu,Undergraduate Student,2027,No,UG Cox School of Business,10/26/2024 6:15:29 PM,10/26/2024 6:15:30 PM,,,49165967@smu.edu
Isabella,Marotta,imarotta@mail.smu.edu,Guest,Not applicable,No,,10/26/2024 6:15:40 PM,10/26/2024 6:15:40 PM,,,
Jordan,Mitchell,jordanmitchell@smu.edu,Graduate Student,2025,No,Education - Masters,10/26/2024 6:15:48 PM,10/26/2024 6:15:48 PM,,,49266782@smu.edu
Diana,Bautista Hernandez,dbautistahernandez@smu.edu,Undergraduate Student,2026,No,Dedman College,10/26/2024 6:16:13 PM,10/26/2024 6:16:14 PM,,,47802707@smu.edu
Andrew,Dussault,adussault@smu.edu,Undergraduate Student,2027,No,UG School of Engr & Appl Sci,10/26/2024 6:17:53 PM,10/26/2024 6:17:54 PM,,,49136483@smu.edu
Bernadette,Cruz,brcruz@smu.edu,Undergraduate Student,2027,No,UG Meadows School of the Arts,10/26/2024 6:18:07 PM,10/26/2024 6:18:07 PM,,,49300140@smu.edu
Fabio,Martinez Lamazzi,fmartinezlamazzi@smu.edu,Undergraduate Student,2027,No,UG Cox School of Business,10/26/2024 6:23:51 PM,10/26/2024 6:23:51 PM,,,49249219@smu.edu
Lauren,Eisenschenk,leisenschenk@smu.edu,Staff,Unknown,No,,10/26/2024 6:26:04 PM,10/26/2024 6:26:04 PM,,,46791624@smu.edu
Lauren,Eisenschenk,leisenschenk@smu.edu,Staff,Unknown,No,,10/26/2024 6:26:04 PM,10/26/2024 6:27:42 PM,,,46791624@smu.edu
Lauren,Eisenschenk,leisenschenk@smu.edu,Staff,Unknown,No,,10/26/2024 6:26:04 PM,10/26/2024 6:27:44 PM,,,46791624@smu.edu
Lauren,Eisenschenk,leisenschenk@smu.edu,Staff,Unknown,No,,10/26/2024 6:26:04 PM,10/26/2024 6:27:45 PM,,,46791624@smu.edu
Lauren,Eisenschenk,leisenschenk@smu.edu,Staff,Unknown,No,,10/26/2024 6:26:04 PM,10/26/2024 6:27:46 PM,,,46791624@smu.edu
Shreya,Soundar,ssoundar@smu.edu,Undergraduate Student,2028,No,SMU Pre-Majors,10/26/2024 6:29:17 PM,10/26/2024 6:29:17 PM,5.0,,49472508@smu.edu
Maritza,Gonzalez,maritzag@smu.edu,Undergraduate Student,2027,No,UG Cox School of Business,10/26/2024 6:30:20 PM,10/26/2024 6:30:20 PM,,,49314206@smu.edu
Garrett,DeLorme,gdelorme@smu.edu,Undergraduate Student,2028,No,SMU Pre-Majors,10/26/2024 6:31:14 PM,10/26/2024 6:31:14 PM,,,49460743@smu.edu
Oliver,Dorr,odorr@smu.edu,Undergraduate Student,2028,No,SMU Pre-Majors,10/26/2024 6:31:20 PM,10/26/2024 6:31:20 PM,,,49526731@smu.edu
Andy,Carter,andycarter@smu.edu,Undergraduate Student,2027,No,UG Meadows School of the Arts,10/26/2024 6:33:59 PM,10/26/2024 7:02:07 PM,,,49276545@smu.edu
Christian,Napier,cnapier@smu.edu,Undergraduate Student,2028,No,SMU Pre-Majors,10/26/2024 6:35:11 PM,10/26/2024 6:35:12 PM,,,49564977@smu.edu
Charity,Nieskens,cnieskens@smu.edu,Undergraduate Student,2028,No,SMU Pre-Majors,10/26/2024 6:35:21 PM,10/26/2024 6:35:21 PM,5.0,,49417934@smu.edu
Nicole,Tarrol,ntarrol@smu.edu,Undergraduate Student,2028,No,SMU Pre-Majors,10/26/2024 6:35:34 PM,10/26/2024 6:35:34 PM,,,49489616@smu.edu
Nathan,Van Slyke,nathanv@smu.edu,Undergraduate Student,2026,No,UG Cox School of Business,10/26/2024 6:38:46 PM,10/26/2024 6:38:46 PM,,,48807166@smu.edu
Nathan,Van Slyke,nathanv@smu.edu,Undergraduate Student,2026,No,UG Cox School of Business,10/26/2024 6:38:46 PM,10/26/2024 6:40:20 PM,,,48807166@smu.edu
Nathan,Van Slyke,nathanv@smu.edu,Undergraduate Student,2026,No,UG Cox School of Business,10/26/2024 6:38:46 PM,10/26/2024 6:40:23 PM,,,48807166@smu.edu
Ethan,Li,eyli@smu.edu,Undergraduate Student,2026,No,UG Cox School of Business,10/26/2024 6:39:05 PM,10/26/2024 6:39:05 PM,,,48857840@smu.edu
Ethan,Li,eyli@smu.edu,Undergraduate Student,2026,No,UG Cox School of Business,10/26/2024 6:39:05 PM,10/26/2024 6:40:55 PM,,,48857840@smu.edu
David,Green,dsgreen@smu.edu,Undergraduate Student,2026,No,UG Meadows School of the Arts,10/26/2024 6:39:39 PM,10/26/2024 6:39:39 PM,,,49089345@smu.edu
Diego,Diaz Aranda,ddiazaranda@smu.edu,Undergraduate Student,2026,No,Dedman College,10/26/2024 6:43:45 PM,10/26/2024 6:43:45 PM,,,48821492@smu.edu
Vaughn,Harris,vwharris@smu.edu,Undergraduate Student,2028,No,SMU Pre-Majors,10/26/2024 6:45:52 PM,10/26/2024 6:45:52 PM,,,49518567@smu.edu
Hannah,Green,greenh@smu.edu,Undergraduate Student,2026,No,Dedman College,10/26/2024 6:47:09 PM,10/26/2024 6:47:09 PM,,,48797325@smu.edu
Aria,Cabot,acabot@smu.edu,Staff,Unknown,No,,10/26/2024 6:47:36 PM,10/26/2024 6:47:36 PM,,,46768601@smu.edu
Daniele,Forlino,dforlino@smu.edu,Faculty,Unknown,No,,10/26/2024 6:47:49 PM,10/26/2024 6:47:50 PM,,,47558645@smu.edu
Ariana,Sokhi,asokhi@smu.edu,Undergraduate Student,2026,No,Dedman College,10/26/2024 7:00:33 PM,10/26/2024 7:00:33 PM,,,48835883@smu.edu
Emma,Mehner,emehner@smu.edu,Undergraduate Student,2028,No,SMU Pre-Majors,10/26/2024 7:02:32 PM,10/26/2024 7:02:32 PM,,,49643679@smu.edu
Ilo,Tran,itran@smu.edu,Undergraduate Student,2026,No,Dedman College,10/26/2024 7:02:38 PM,10/26/2024 7:02:38 PM,,,49118777@smu.edu
Jenna,Healy,jhealy@smu.edu,Undergraduate Student,2027,No,UG Meadows School of the Arts,10/26/2024 7:03:57 PM,10/26/2024 7:03:57 PM,,,49215484@smu.edu
Kaylee,Dorough,kdorough@smu.edu,Undergraduate Student,2025,Yes,UG Cox School of Business,10/26/2024 7:04:11 PM,10/26/2024 7:04:11 PM,,,48571268@smu.edu
Kaylee,Dorough,kdorough@smu.edu,Undergraduate Student,2025,Yes,UG Cox School of Business,10/26/2024 7:04:11 PM,10/26/2024 7:04:11 PM,,,48571268@smu.edu
Kaylee,Dorough,kdorough@smu.edu,Undergraduate Student,2025,Yes,UG Cox School of Business,10/26/2024 7:04:11 PM,10/26/2024 7:04:11 PM,,,48571268@smu.edu
Kaylee,Dorough,kdorough@smu.edu,Undergraduate Student,2025,Yes,UG Cox School of Business,10/26/2024 7:04:11 PM,10/26/2024 7:04:11 PM,,,48571268@smu.edu
Kylah,Bergan,kbergan@smu.edu,Undergraduate Student,2027,Yes,UG Cox School of Business,10/26/2024 7:04:33 PM,10/26/2024 7:04:33 PM,,,49298450@smu.edu
Yasin,Gharehmohammadlou,ygarehmohammadlou@smu.edu,Graduate Student,2028,No,"Engr Mgmt, Info & Sys-Doctoral",10/26/2024 7:05:08 PM,10/26/2024 7:05:09 PM,,,49346394@smu.edu
Reza,Farsad Asadi,rfarsadasadi@smu.edu,Staff,2024,No,Electrical Engr - Doctoral,10/26/2024 7:05:29 PM,10/26/2024 7:05:29 PM,,,47819191@smu.edu
Mansi,Gupta,mansig@smu.edu,Undergraduate Student,2024,Yes,Dedman College,10/26/2024 7:05:55 PM,10/26/2024 7:05:55 PM,,,48473638@smu.edu
Anekah,Kelley,askelley@smu.edu,Undergraduate Student,2026,Yes,Dedman College,10/26/2024 7:06:02 PM,10/26/2024 7:06:02 PM,,,48790903@smu.edu
Abby,Kim,abbykim@smu.edu,Undergraduate Student,2027,No,UG Meadows School of the Arts,10/26/2024 7:09:40 PM,10/26/2024 7:09:40 PM,,,49143919@smu.edu
Anne-Pearson,Gremer,agremer@smu.edu,Undergraduate Student,2027,No,UG Meadows School of the Arts,10/26/2024 7:09:48 PM,10/26/2024 7:09:48 PM,,,49228367@smu.edu
Tamer,Kendall,tkendall@smu.edu,Undergraduate Student,2028,No,SMU Pre-Majors,10/26/2024 7:10:03 PM,10/26/2024 7:10:03 PM,,,49590691@smu.edu
Zoe,Cohen,zacohen@smu.edu,Undergraduate Student,2025,Yes,UG Meadows School of the Arts,10/26/2024 7:16:01 PM,10/26/2024 7:16:01 PM,,,48583943@smu.edu
Thomas,Nam,tnam@smu.edu,Undergraduate Student,2028,No,SMU Pre-Majors,10/26/2024 7:16:27 PM,10/26/2024 7:16:27 PM,,,49650153@smu.edu
Joey,Davis,davisjoey@smu.edu,Undergraduate Student,2028,No,SMU Pre-Majors,10/26/2024 7:16:33 PM,10/26/2024 7:16:33 PM,,,49508882@smu.edu
Willem,Hale,whale@smu.edu,Undergraduate Student,2027,No,UG Cox School of Business,10/26/2024 7:18:55 PM,10/26/2024 7:18:55 PM,,,49215159@smu.edu
Jose,Ayala Dillon,jayaladillon@smu.edu,Undergraduate Student,2026,No,Dedman College,10/26/2024 7:25:40 PM,10/26/2024 7:25:40 PM,,,49357262@smu.edu
Yaw,Boateng,yboateng@smu.edu,Undergraduate Student,2027,No,UG School of Engr & Appl Sci,10/26/2024 7:27:49 PM,10/26/2024 7:27:49 PM,,,49184284@smu.edu
Chris,Ageh,cageh@smu.edu,Undergraduate Student,2027,No,UG School of Engr & Appl Sci,10/26/2024 7:28:03 PM,10/26/2024 7:28:03 PM,,,49226768@smu.edu
Stephen,Onyangore,sonyangore@smu.edu,Undergraduate Student,2027,No,Dedman College,10/26/2024 7:28:12 PM,10/26/2024 7:28:12 PM,,,49229940@smu.edu
Annah,Brown,annahb@smu.edu,Undergraduate Student,2026,Yes,UG Cox School of Business,10/26/2024 7:30:10 PM,10/26/2024 7:30:10 PM,,,48844008@smu.edu
Natalia,Arostegui Sanabria,narostegui@smu.edu,Undergraduate Student,2025,No,UG Cox School of Business,10/26/2024 7:30:24 PM,10/26/2024 7:30:24 PM,,,48525339@smu.edu
Vasantha,Eedara,veedara@smu.edu,Undergraduate Student,2028,Yes,UG Cox School of Business,10/26/2024 7:30:47 PM,10/26/2024 7:30:47 PM,,,49668678@smu.edu
Ian,Stripe,istripe@smu.edu,Undergraduate Student,2026,No,UG School of Engr & Appl Sci,10/26/2024 7:36:19 PM,10/26/2024 7:36:19 PM,,,48882449@smu.edu
Ian,Stripe,istripe@smu.edu,Undergraduate Student,2026,No,UG School of Engr & Appl Sci,10/26/2024 7:36:19 PM,10/26/2024 8:19:04 PM,,,48882449@smu.edu
Jazmin,Darjean,jdarjean@smu.edu,Undergraduate Student,2027,No,UG Cox School of Business,10/26/2024 7:36:41 PM,10/26/2024 7:36:41 PM,,,49112446@smu.edu
Krista,Staeglich,kstaeglich@smu.edu,Undergraduate Student,2025,Yes,Dedman College,10/26/2024 7:44:24 PM,10/26/2024 7:44:24 PM,,,47204824@smu.edu
Jack,Motta,jmotta@smu.edu,Graduate Student,2025,No,Statistical Sciences - Masters,10/26/2024 7:44:30 PM,10/26/2024 7:44:30 PM,,,47939818@smu.edu
Mahdi,Rasoulpour,mrasoulpour@smu.edu,Graduate Student,2029,No,Electrical Engr - Doctoral,10/26/2024 7:45:22 PM,10/26/2024 7:45:22 PM,5.0,,48991558@smu.edu
Ahmed,El Saei,aelsaei@smu.edu,Graduate Student,2029,No,Civil & Envnmnt Engr-Doctoral,10/26/2024 7:51:21 PM,10/26/2024 7:51:21 PM,5.0,,49745703@smu.edu
Christopher,Degrate,cdegrate@smu.edu,Undergraduate Student,2026,No,UG Cox School of Business,10/26/2024 7:52:01 PM,10/26/2024 7:52:01 PM,,,48907110@smu.edu
Lucas,Li,lucasl@smu.edu,Undergraduate Student,2026,No,UG Cox School of Business,10/26/2024 7:52:06 PM,10/26/2024 7:52:06 PM,,,48814563@smu.edu
,,bracherj@mail.smu.edu,Guest,Not applicable,No,,10/26/2024 7:53:25 PM,10/26/2024 7:53:25 PM,,,
Georgina,Margolis Praun,gmargolispraun@smu.edu,Undergraduate Student,2028,No,UG Cox School of Business,10/26/2024 7:54:16 PM,10/26/2024 7:54:16 PM,,,49659968@smu.edu
Michelle,Bea,mbea@smu.edu,Undergraduate Student,2027,No,Simmons School - Undergraduate,10/26/2024 7:54:48 PM,10/26/2024 7:54:49 PM,,,49298333@smu.edu
Brenda,Lopez Ortiz,brenda@smu.edu,Undergraduate Student,2027,No,SMU Pre-Majors,10/26/2024 7:55:40 PM,10/26/2024 7:55:40 PM,,,49218539@smu.edu
Muxin,Ge,muxing@smu.edu,Undergraduate Student,2027,No,Dedman College,10/26/2024 7:56:11 PM,10/26/2024 7:56:11 PM,,,49214496@smu.edu
Davis,Lynn,dplynn@smu.edu,Undergraduate Student,2026,No,UG Cox School of Business,10/26/2024 7:57:52 PM,10/26/2024 7:57:52 PM,,,48833868@smu.edu
Rachel,Mannon,rmannon@smu.edu,Undergraduate Student,2024,No,UG School of Engr & Appl Sci,10/26/2024 7:57:57 PM,10/26/2024 7:57:58 PM,,,48276128@smu.edu
Noah,Bracy,nbracy@smu.edu,Undergraduate Student,2028,No,SMU Pre-Majors,10/26/2024 8:16:56 PM,10/26/2024 8:16:56 PM,,,49554655@smu.edu
Ava Noelle,Bohn,abohn@smu.edu,Undergraduate Student,2027,No,Dedman College,10/26/2024 8:17:01 PM,10/26/2024 8:17:01 PM,,,49153578@smu.edu
Ally,Rayer,arayer@smu.edu,Graduate Student,2025,Yes,UG Cox School of Business,10/26/2024 8:18:09 PM,10/26/2024 8:18:09 PM,,,48564547@smu.edu
Saharsh,Krishna,skrishna@smu.edu,Undergraduate Student,2028,No,SMU Pre-Majors,10/26/2024 8:18:45 PM,10/26/2024 8:18:45 PM,,,49442101@smu.edu
Bailey,Feldman,bkfeldman@smu.edu,Undergraduate Student,2027,No,SMU Pre-Majors,10/26/2024 8:22:16 PM,10/26/2024 8:22:16 PM,,,49228003@smu.edu
Raissa,Umwali,rumwali@smu.edu,Undergraduate Student,2025,No,UG School of Engr & Appl Sci,10/26/2024 8:23:00 PM,10/26/2024 8:23:00 PM,,,49361526@smu.edu
Cassie,Alaimo,calaimo@smu.edu,Undergraduate Student,2026,No,UG Cox School of Business,10/26/2024 8:23:18 PM,10/26/2024 8:23:18 PM,,,49081714@smu.edu
Joseph,Waked,jwaked@smu.edu,Undergraduate Student,2026,No,Simmons School - Undergraduate,10/26/2024 8:25:13 PM,10/26/2024 8:25:13 PM,,,49318535@smu.edu
Sarah,Yoo,siyoo@smu.edu,Undergraduate Student,2028,No,SMU Pre-Majors,10/26/2024 8:29:39 PM,10/26/2024 8:29:39 PM,,,49434951@smu.edu
Joshua,Ange,jwange@smu.edu,Undergraduate Student,2025,No,Dedman College,10/26/2024 8:32:19 PM,10/26/2024 8:32:19 PM,,,48533022@smu.edu
Brayden,Sholotan,bsholotan@smu.edu,Undergraduate Student,2027,Yes,UG Meadows School of the Arts,10/26/2024 8:38:01 PM,10/26/2024 8:38:01 PM,,,49205656@smu.edu
Matthew,Gillaspie,mgillaspie@smu.edu,Undergraduate Student,2028,No,SMU Pre-Majors,10/26/2024 9:05:22 PM,10/26/2024 9:05:22 PM,,,49518164@smu.edu
Victor,Celis-Shugrue,vcelisshugrue@smu.edu,Undergraduate Student,2028,No,SMU Pre-Majors,10/26/2024 9:05:37 PM,10/26/2024 9:05:37 PM,,,49525522@smu.edu
Christopher,Bonnett,cbonnett@smu.edu,Undergraduate Student,2027,No,UG Cox School of Business,10/26/2024 9:12:41 PM,10/26/2024 9:12:41 PM,,,49210531@smu.edu
Michael,Ortez,mortez@smu.edu,Undergraduate Student,2027,No,SMU Pre-Majors,10/26/2024 9:13:01 PM,10/26/2024 9:13:01 PM,,,49171804@smu.edu
Natalee,Glickstein,nglickstein@smu.edu,Undergraduate Student,2028,No,SMU Pre-Majors,10/26/2024 10:27:34 PM,10/26/2024 10:27:34 PM,,,49485482@smu.edu
Alexis,Descant,adescant@smu.edu,Undergraduate Student,2028,No,UG Cox School of Business,10/26/2024 10:27:49 PM,10/26/2024 10:27:49 PM,,,49418402@smu.edu
