First Name,Last Name,Email,Account Type,Year of Graduation,Is Member,Degree,Registration Date,Checked-In Date,Attendee's Rating,Attendee's Feedback,Net ID
Campbell,Snavely,cjsnavely@smu.edu,Undergraduate Student,2024,Yes,UG Cox School of Business,2/19/2024 5:28:06 PM,2/28/2024 6:30:32 PM,,,48659941@smu.edu
Suniti,Bhikshesvaran,sbhikshesvaran@smu.edu,Undergraduate Student,2025,Yes,UG Meadows School of the Arts,2/19/2024 5:45:29 PM,2/28/2024 5:54:27 PM,,,48476420@smu.edu
ShyAnte'e,Williams,shyanteew@smu.edu,Staff,Unknown,Yes,Master's of Arts in Higher Education,2/23/2024 8:46:24 AM,2/28/2024 6:57:10 PM,,,46798462@smu.edu
Ella,Hitchman,ehitchman@smu.edu,Undergraduate Student,2027,No,Dedman College,2/25/2024 9:27:51 AM,2/28/2024 6:04:15 PM,,,49109950@smu.edu
Sana,Shahid,sshahid@smu.edu,Undergraduate Student,2027,No,UG Cox School of Business,2/26/2024 6:32:48 PM,2/28/2024 5:59:18 PM,,,49133285@smu.edu
Zahra,Hoobakht,hhoobakht@smu.edu,Graduate Student,2027,No,Electrical Engr - Doctoral,2/26/2024 7:09:51 PM,2/28/2024 6:57:08 PM,,,48979884@smu.edu
Zahra,Hoobakht,hhoobakht@smu.edu,Graduate Student,2027,No,Electrical Engr - Doctoral,2/26/2024 7:09:51 PM,2/28/2024 6:57:12 PM,,,48979884@smu.edu
Mikaila,Neverson,mneverson@smu.edu,Undergraduate Student,2025,No,UG Meadows School of the Arts,2/27/2024 5:19:16 PM,2/28/2024 6:05:28 PM,,,48598035@smu.edu
Aliyah,Said,asaid@smu.edu,Undergraduate Student,2025,No,Dedman College,2/28/2024 9:48:13 AM,2/28/2024 6:01:59 PM,,,48658628@smu.edu
Rachel,Rodgers,rhrodgers@smu.edu,Undergraduate Student,2026,No,UG Meadows School of the Arts,2/28/2024 10:13:55 AM,2/28/2024 6:00:36 PM,,,48517487@smu.edu
Jacob,Rodgers,jprodgers@smu.edu,Undergraduate Student,2027,No,UG Cox School of Business,2/28/2024 10:42:22 AM,2/28/2024 6:00:27 PM,,,49190940@smu.edu
Davis,Lynn,dplynn@smu.edu,Undergraduate Student,2026,No,UG Cox School of Business,2/28/2024 1:12:46 PM,2/28/2024 5:58:06 PM,,,48833868@smu.edu
Kernell,Slack,kslack@smu.edu,Undergraduate Student,2027,No,UG Cox School of Business,2/28/2024 4:16:59 PM,2/28/2024 6:01:42 PM,,,49205773@smu.edu
Joseph,Skiba,jskiba@smu.edu,Undergraduate Student,2027,No,UG Meadows School of the Arts,2/28/2024 4:52:49 PM,2/28/2024 5:59:55 PM,,,48800926@smu.edu
Cydney,Curtis,cmcurtis@smu.edu,Undergraduate Student,2024,No,Dedman College,2/28/2024 5:24:51 PM,2/28/2024 5:57:49 PM,,,48571125@smu.edu
Matin,Ghasempour Anaraki,mghasempouranaraki@smu.edu,Faculty,Unknown,No,"Engr Mgmt, Info & Sys-Masters",2/28/2024 5:53:35 PM,2/28/2024 5:58:40 PM,,,49284566@smu.edu
Ashanti,Galbreath,aggalbreath@smu.edu,Undergraduate Student,2024,No,UG Cox School of Business,2/28/2024 5:53:48 PM,2/28/2024 5:57:45 PM,,,48655339@smu.edu
Chanel,Chi,ccchi@smu.edu,Undergraduate Student,2025,No,UG Cox School of Business,2/28/2024 5:57:04 PM,2/28/2024 5:57:04 PM,,,48817059@smu.edu
Bianca,Bartel,bbartel@smu.edu,Undergraduate Student,2026,No,UG Cox School of Business,2/28/2024 5:57:08 PM,2/28/2024 5:57:08 PM,,,48843644@smu.edu
Brenda,Lopez Ortiz,brenda@smu.edu,Undergraduate Student,2027,No,SMU Pre-Majors,2/28/2024 5:57:13 PM,2/28/2024 5:57:13 PM,,,49218539@smu.edu
Aimee,Nguyen,aimeen@smu.edu,Undergraduate Student,2027,No,Dedman College,2/28/2024 5:57:13 PM,2/28/2024 5:57:13 PM,,,49249349@smu.edu
Sally,Hur,yhur@smu.edu,Undergraduate Student,2027,No,Dedman College,2/28/2024 5:57:17 PM,2/28/2024 5:57:17 PM,,,49106791@smu.edu
Morgan,Glover,mmglover@smu.edu,Undergraduate Student,2025,No,UG School of Engr & Appl Sci,2/28/2024 5:57:21 PM,2/28/2024 5:57:21 PM,,,48557358@smu.edu
Michelle,Bea,mbea@smu.edu,Undergraduate Student,2027,No,Simmons School - Undergraduate,2/28/2024 5:57:21 PM,2/28/2024 5:57:21 PM,,,49298333@smu.edu
Helen,Tran,tranh@smu.edu,Undergraduate Student,2024,Yes,Dedman College,2/28/2024 5:57:25 PM,2/28/2024 5:57:25 PM,,,48313516@smu.edu
Drew,Harris,harrisd@smu.edu,Undergraduate Student,2025,No,UG School of Engr & Appl Sci,2/28/2024 5:57:29 PM,2/28/2024 5:57:29 PM,,,48464577@smu.edu
Regina,Moreno Vera,rmorenovera@smu.edu,Undergraduate Student,2025,No,Dedman College,2/28/2024 5:57:31 PM,2/28/2024 5:57:31 PM,,,48485663@smu.edu
Brian,Contreras,bscontreras@smu.edu,Undergraduate Student,2027,No,UG Cox School of Business,2/28/2024 5:57:53 PM,2/28/2024 5:57:53 PM,,,49135950@smu.edu
Paulina,Esparza,pesparza@smu.edu,Undergraduate Student,2025,No,Dedman College,2/28/2024 5:58:03 PM,2/28/2024 5:58:03 PM,,,48652492@smu.edu
Victoria,Valdez,vavaldez@smu.edu,Undergraduate Student,2026,Yes,UG School of Engr & Appl Sci,2/28/2024 5:58:29 PM,2/28/2024 5:58:29 PM,,,48950166@smu.edu
Anika,Saiprabhu,asaiprabhu@smu.edu,Undergraduate Student,2026,No,UG School of Engr & Appl Sci,2/28/2024 5:58:30 PM,2/28/2024 5:58:30 PM,,,48986514@smu.edu
Hannah,Trahan,htrahan@smu.edu,Undergraduate Student,2027,No,UG School of Engr & Appl Sci,2/28/2024 5:58:35 PM,2/28/2024 5:58:35 PM,,,49133753@smu.edu
Anna,Leo,atleo@smu.edu,Undergraduate Student,2025,Yes,UG School of Engr & Appl Sci,2/28/2024 5:58:37 PM,2/28/2024 5:58:37 PM,,,48791436@smu.edu
Andria,Song,andrias@smu.edu,Undergraduate Student,2026,Yes,Dedman College,2/28/2024 5:58:43 PM,2/28/2024 5:58:43 PM,,,48882137@smu.edu
Camryn,Bradley,camrynb@smu.edu,Undergraduate Student,2024,No,Simmons School - Undergraduate,2/28/2024 5:58:45 PM,2/28/2024 5:58:45 PM,,,48184049@smu.edu
Matin,Ghasempour,matin_ghasempour@yahoo.com,Guest,Unknown,No,,2/28/2024 5:58:46 PM,2/28/2024 5:58:46 PM,,,
Hansana,Vivekanandan,hvivekanandan@smu.edu,Undergraduate Student,2027,No,UG School of Engr & Appl Sci,2/28/2024 5:58:48 PM,2/28/2024 5:58:48 PM,,,49225585@smu.edu
Melanie,Verdi,mverdi@smu.edu,Undergraduate Student,2026,No,Dedman College,2/28/2024 5:58:55 PM,2/28/2024 5:58:55 PM,,,48931511@smu.edu
Finn,LaMastra,flamastra@smu.edu,Undergraduate Student,2024,No,Dedman College,2/28/2024 5:59:02 PM,2/28/2024 5:59:02 PM,,,48220644@smu.edu
Melissa,Whitler,mwhitler@smu.edu,Staff,2023,No,Dedman College,2/28/2024 5:59:18 PM,2/28/2024 5:59:18 PM,,,48041998@smu.edu
Mehreen,Syed,mehreens@smu.edu,Undergraduate Student,2027,No,Dedman College,2/28/2024 5:59:22 PM,2/28/2024 5:59:22 PM,,,49145505@smu.edu
Roxana,Dicusara,rdicusara@smu.edu,Undergraduate Student,2027,No,UG School of Engr & Appl Sci,2/28/2024 5:59:22 PM,2/28/2024 5:59:22 PM,,,49287621@smu.edu
Paige,Kipke,pkipke@smu.edu,Undergraduate Student,2027,No,SMU Pre-Majors,2/28/2024 5:59:26 PM,2/28/2024 5:59:26 PM,,,49283526@smu.edu
Ashley,Genato,agenato@smu.edu,Undergraduate Student,2024,No,UG School of Engr & Appl Sci,2/28/2024 5:59:27 PM,2/28/2024 5:59:27 PM,,,48194358@smu.edu
Tran,Lam,tnlam@smu.edu,Undergraduate Student,2025,No,UG School of Engr & Appl Sci,2/28/2024 6:00:02 PM,2/28/2024 6:00:03 PM,,,49138290@smu.edu
Katherine,Nguyen,katherinenm@smu.edu,Undergraduate Student,2025,No,UG School of Engr & Appl Sci,2/28/2024 6:00:25 PM,2/28/2024 6:00:25 PM,,,48619173@smu.edu
Dean,Latham,dwlatham@smu.edu,Faculty,Unknown,No,UG Cox School of Business,2/28/2024 6:00:36 PM,2/28/2024 6:00:36 PM,,,48211908@smu.edu
Kiley,Pittman,kileyp@smu.edu,Undergraduate Student,2024,No,Dedman College,2/28/2024 6:00:48 PM,2/28/2024 6:00:49 PM,,,48225454@smu.edu
Eric,Vu,vue@smu.edu,Undergraduate Student,2025,No,UG School of Engr & Appl Sci,2/28/2024 6:00:59 PM,2/28/2024 6:00:59 PM,,,48567589@smu.edu
Alexandra,Saucedo,ansaucedo@smu.edu,Undergraduate Student,2025,No,Dedman College,2/28/2024 6:01:14 PM,2/28/2024 6:01:14 PM,,,48470713@smu.edu
Reanna,Selvaraj,rselvaraj@smu.edu,Undergraduate Student,2026,No,Dedman College,2/28/2024 6:01:40 PM,2/28/2024 6:01:40 PM,,,48918693@smu.edu
Jamaya,Parker,jamayap@smu.edu,Undergraduate Student,2024,No,Dedman College,2/28/2024 6:01:55 PM,2/28/2024 6:01:56 PM,,,48982575@smu.edu
Isabella,Salazar,isalazar@smu.edu,Undergraduate Student,2026,No,UG Cox School of Business,2/28/2024 6:01:59 PM,2/28/2024 6:01:59 PM,,,48800575@smu.edu
Pojun,Quan,pquan@smu.edu,Graduate Student,2025,No,Chemistry-Doctoral,2/28/2024 6:02:03 PM,2/28/2024 6:02:03 PM,,,48359913@smu.edu
Saanvi,Mahadasu,smahadasu@smu.edu,Undergraduate Student,2026,No,Dedman College,2/28/2024 6:02:42 PM,2/28/2024 6:02:42 PM,,,48840303@smu.edu
Ishanvi,Harpavat,iharpavat@smu.edu,Undergraduate Student,2026,No,UG Cox School of Business,2/28/2024 6:02:51 PM,2/28/2024 6:02:51 PM,,,48855968@smu.edu
Aaron,Zhang,aaronz@smu.edu,Undergraduate Student,2025,No,UG Cox School of Business,2/28/2024 6:03:57 PM,2/28/2024 6:03:57 PM,,,48552288@smu.edu
Hyunjin,Cho,hyunjinc@smu.edu,Undergraduate Student,2025,No,Dedman College,2/28/2024 6:04:06 PM,2/28/2024 6:04:06 PM,,,48509817@smu.edu
Tiffany,Doan,tiffanyd@smu.edu,Undergraduate Student,2024,No,UG Cox School of Business,2/28/2024 6:04:10 PM,2/28/2024 6:04:10 PM,,,48462341@smu.edu
Beyza,Agu,bagu@smu.edu,Undergraduate Student,2025,No,UG Cox School of Business,2/28/2024 6:04:55 PM,2/28/2024 6:04:55 PM,,,49013606@smu.edu
Mehrien,Sultana,msultana@smu.edu,Undergraduate Student,2025,No,UG Cox School of Business,2/28/2024 6:04:56 PM,2/28/2024 6:04:56 PM,,,49344951@smu.edu
Janset,Aydogdu,jaydogdu@smu.edu,Undergraduate Student,2025,No,Dedman College,2/28/2024 6:05:04 PM,2/28/2024 6:05:04 PM,,,48666948@smu.edu
Kawther,Aldosarei,kaldosarei@smu.edu,Undergraduate Student,2025,No,UG School of Engr & Appl Sci,2/28/2024 6:05:11 PM,2/28/2024 6:05:11 PM,,,49358107@smu.edu
Farshid,Asadi,fasadi@smu.edu,Graduate Student,2026,No,Mechanical Engr - Doctoral,2/28/2024 6:05:16 PM,2/28/2024 6:05:16 PM,,,47576221@smu.edu
Masaki,Fraccaroli,mfraccaroli@smu.edu,Undergraduate Student,2026,No,UG Cox School of Business,2/28/2024 6:05:19 PM,2/28/2024 6:05:19 PM,,,48870814@smu.edu
Issac,Nyberg,inyberg@smu.edu,Undergraduate Student,2026,No,Dedman College,2/28/2024 6:05:48 PM,2/28/2024 6:05:48 PM,,,49220554@smu.edu
Nia,Savova,nsavova@smu.edu,Undergraduate Student,2026,No,UG School of Engr & Appl Sci,2/28/2024 6:07:00 PM,2/28/2024 6:07:00 PM,,,48944303@smu.edu
Don,Tran,dont@smu.edu,Undergraduate Student,2027,Yes,UG Cox School of Business,2/28/2024 6:07:42 PM,2/28/2024 6:07:42 PM,,,49225052@smu.edu
Shriya,Siddhartha,ssiddhartha@smu.edu,Undergraduate Student,2026,No,Dedman College,2/28/2024 6:07:59 PM,2/28/2024 6:07:59 PM,,,48800848@smu.edu
Aditya,Goel,apgoel@smu.edu,Undergraduate Student,2027,No,UG Cox School of Business,2/28/2024 6:08:22 PM,2/28/2024 6:08:22 PM,,,49214652@smu.edu
Taylor,Koll,tkoll@smu.edu,Undergraduate Student,2024,No,Dedman College,2/28/2024 6:08:35 PM,2/28/2024 6:08:35 PM,,,48348343@smu.edu
Kamila,Malik,kamilam@smu.edu,Undergraduate Student,2026,Yes,Dedman College,2/28/2024 6:08:43 PM,2/28/2024 6:08:43 PM,,,48930497@smu.edu
Zakiya,Caldwell,zcaldwell@smu.edu,Undergraduate Student,2025,No,UG Meadows School of the Arts,2/28/2024 6:08:47 PM,2/28/2024 6:08:47 PM,,,48590027@smu.edu
Reza,Farsad Asadi,rfarsadasadi@smu.edu,Staff,2024,No,Electrical Engr - Doctoral,2/28/2024 6:09:42 PM,2/28/2024 6:09:42 PM,,,47819191@smu.edu
Vishal,Palli,vpalli@smu.edu,Graduate Student,2024,No,Computer Sci & Engr - Masters,2/28/2024 6:10:04 PM,2/28/2024 6:10:04 PM,,,49042025@smu.edu
Dany Akshay Deep,Isukapalli,disukapalli@smu.edu,Graduate Student,2025,No,Electrical Engr - Masters,2/28/2024 6:10:24 PM,2/28/2024 6:10:24 PM,,,48750044@smu.edu
Ayan,Khan,ayank@smu.edu,Undergraduate Student,2026,Yes,UG Cox School of Business,2/28/2024 6:11:33 PM,2/28/2024 6:11:33 PM,,,48874272@smu.edu
Freddy,Gutierrez,freddyg@smu.edu,Undergraduate Student,Unknown,No,,2/28/2024 6:12:45 PM,2/28/2024 6:12:45 PM,,,48366192@smu.edu
Hemin,Lim,heminl@smu.edu,Undergraduate Student,2024,No,UG Cox School of Business,2/28/2024 6:13:09 PM,2/28/2024 6:13:09 PM,,,48202535@smu.edu
Jasmine,No,jjno@smu.edu,Undergraduate Student,2026,No,Dedman College,2/28/2024 6:13:54 PM,2/28/2024 6:13:54 PM,,,48777019@smu.edu
Kaothar,Olateju,kolateju@smu.edu,Undergraduate Student,2023,No,Dedman College,2/28/2024 6:14:31 PM,2/28/2024 6:14:31 PM,,,48676776@smu.edu
Sophia,Yusuff,syusuff@smu.edu,Graduate Student,2024,No,Civil & Envnmnt Engr-Masters,2/28/2024 6:14:45 PM,2/28/2024 6:14:45 PM,,,48049785@smu.edu
Kailey,Hernandez,krhernandez@smu.edu,Undergraduate Student,2025,No,Dedman College,2/28/2024 6:15:58 PM,2/28/2024 6:15:58 PM,,,48558333@smu.edu
Patricia,Hernandez,pdhernandez@smu.edu,Undergraduate Student,2025,No,Dedman College,2/28/2024 6:16:01 PM,2/28/2024 6:16:01 PM,,,48558372@smu.edu
Sophia,Schlecht,sschlecht@smu.edu,Undergraduate Student,2025,No,Dedman College,2/28/2024 6:16:06 PM,2/28/2024 6:16:06 PM,,,48625036@smu.edu
Ashish,Doma,adoma@smu.edu,Undergraduate Student,2024,No,Dedman College,2/28/2024 6:16:19 PM,2/28/2024 6:16:19 PM,,,48344144@smu.edu
Behzad,Parvaresh,bparvaresh@smu.edu,Graduate Student,2028,No,Mechanical Engr - Doctoral,2/28/2024 6:19:01 PM,2/28/2024 6:19:01 PM,,,48991532@smu.edu
Antonio,Flores,antoniof@smu.edu,Undergraduate Student,2027,No,SMU Pre-Majors,2/28/2024 6:19:34 PM,2/28/2024 6:19:34 PM,,,49213963@smu.edu
Kian,Zeinolabedinzadeh,kzeinolabedinzadeh@smu.edu,Faculty,Unknown,No,"Engr Mgmt, Info & Sys-Masters",2/28/2024 5:59:13 PM,2/28/2024 5:59:13 PM,,,49278560@smu.edu
Leilani,Guzman,lguzman@smu.edu,Undergraduate Student,2025,No,UG School of Engr & Appl Sci,2/28/2024 5:58:43 PM,2/28/2024 5:58:43 PM,,,48579653@smu.edu
Pankaj Anilkant,Mane,pmane@smu.edu,Faculty,Unknown,No,Electrical Engr - Masters,2/28/2024 6:22:02 PM,2/28/2024 6:22:02 PM,,,48992117@smu.edu
Gracia,Suppogu,gsuppogu@smu.edu,Undergraduate Student,2027,No,Dedman College,2/28/2024 6:22:03 PM,2/28/2024 6:57:09 PM,,,49318028@smu.edu
Diyaa,Shah,drshah@smu.edu,Undergraduate Student,2027,No,UG School of Engr & Appl Sci,2/28/2024 6:24:04 PM,2/28/2024 6:24:04 PM,,,49223453@smu.edu
Samantha,Hernandez,sphernandez@smu.edu,Undergraduate Student,2027,No,UG Meadows School of the Arts,2/28/2024 6:24:15 PM,2/28/2024 6:24:15 PM,,,49265716@smu.edu
Bianca,Barreiro,bbarreiro@smu.edu,Undergraduate Student,2026,No,UG School of Engr & Appl Sci,2/28/2024 6:24:56 PM,2/28/2024 6:24:56 PM,,,48866524@smu.edu
Juliana,Lu,lujj@smu.edu,Undergraduate Student,2026,No,UG Cox School of Business,2/28/2024 6:25:06 PM,2/28/2024 6:25:06 PM,,,48875546@smu.edu
Lexi,Hodson,lhodson@smu.edu,Undergraduate Student,2024,Yes,UG Cox School of Business,2/28/2024 6:25:07 PM,2/28/2024 6:25:07 PM,,,48230836@smu.edu
Holly,Ekizian,hekizian@smu.edu,Undergraduate Student,2024,Yes,UG Cox School of Business,2/28/2024 6:25:15 PM,2/28/2024 6:25:15 PM,,,48168982@smu.edu
Avery,Broom,abroom@smu.edu,Undergraduate Student,2025,Yes,Dedman College,2/28/2024 6:25:23 PM,2/28/2024 6:25:23 PM,,,48541784@smu.edu
Avery,Fassnacht,aafassnacht@smu.edu,Undergraduate Student,2025,No,Simmons School - Undergraduate,2/28/2024 6:25:31 PM,2/28/2024 6:25:31 PM,,,48468815@smu.edu
Alex,Fassnacht,afassnacht@smu.edu,Undergraduate Student,Unknown,No,,2/28/2024 6:25:39 PM,2/28/2024 6:25:39 PM,,,47921631@smu.edu
Lucas,Li,lucasl@smu.edu,Undergraduate Student,2026,No,UG Cox School of Business,2/28/2024 6:25:42 PM,2/28/2024 6:25:42 PM,,,48814563@smu.edu
Anika,Krieger,akrieger@smu.edu,Undergraduate Student,2025,No,Dedman College,2/28/2024 6:25:49 PM,2/28/2024 6:25:49 PM,,,48560257@smu.edu
Sudhansh,Perkari,sperkari@smu.edu,Undergraduate Student,2024,No,UG Cox School of Business,2/28/2024 6:26:14 PM,2/28/2024 6:26:14 PM,,,48389488@smu.edu
Sakshi,Hinduja,shinduja@smu.edu,Undergraduate Student,2024,No,UG Cox School of Business,2/28/2024 6:26:23 PM,2/28/2024 6:26:23 PM,,,48182450@smu.edu
Crystal,Liu,cqliu@smu.edu,Undergraduate Student,2027,No,UG Cox School of Business,2/28/2024 6:27:09 PM,2/28/2024 6:27:09 PM,,,49165967@smu.edu
Alivia,Waters,arwaters@smu.edu,Undergraduate Student,2024,No,UG Meadows School of the Arts,2/28/2024 6:27:15 PM,2/28/2024 6:27:15 PM,,,48567745@smu.edu
Bailey,Brown,baileybrown@smu.edu,Undergraduate Student,2025,No,Dedman College,2/28/2024 6:27:22 PM,2/28/2024 6:27:22 PM,,,48462094@smu.edu
Pierre,Martinez,pxmartinez@smu.edu,Undergraduate Student,2027,No,UG School of Engr & Appl Sci,2/28/2024 6:28:02 PM,2/28/2024 6:28:02 PM,,,49176653@smu.edu
Roberto,Sanchez-Garcia,rsanchezgarcia@smu.edu,Alumni,Not applicable,No,,2/28/2024 6:28:05 PM,2/28/2024 6:28:05 PM,,,49133168@smu.edu
Chloe,Hooten,cmhooten@smu.edu,Graduate Student,2025,No,Dedman College,2/28/2024 6:28:05 PM,2/28/2024 6:28:05 PM,,,48521179@smu.edu
Bailey,Kimball,brkimball@smu.edu,Graduate Student,2025,No,Psychology - Masters,2/28/2024 6:28:14 PM,2/28/2024 6:28:14 PM,,,48482322@smu.edu
LuLu,Garnett,lgarnett@smu.edu,Undergraduate Student,2025,Yes,UG Meadows School of the Arts,2/28/2024 6:28:21 PM,2/28/2024 6:28:21 PM,,,48527224@smu.edu
Aspen,Lee,aspenl@smu.edu,Undergraduate Student,2025,Yes,UG Cox School of Business,2/28/2024 6:28:28 PM,2/28/2024 6:28:28 PM,,,48579913@smu.edu
Parker,St. Romain,pstromain@smu.edu,Undergraduate Student,2025,No,Dedman College,2/28/2024 6:28:35 PM,2/28/2024 6:28:35 PM,,,48485962@smu.edu
Summer,Yang,summery@smu.edu,Graduate Student,2025,No,Statistical Sciences - Masters,2/28/2024 6:29:18 PM,2/28/2024 6:29:18 PM,,,48583553@smu.edu
Katherine,Jan,kjan@smu.edu,Undergraduate Student,2024,No,UG Cox School of Business,2/28/2024 6:29:34 PM,2/28/2024 6:29:34 PM,,,48300087@smu.edu
Juliana,Bangs,jbangs@smu.edu,Undergraduate Student,2025,No,UG Cox School of Business,2/28/2024 6:29:39 PM,2/28/2024 6:29:39 PM,,,48607369@smu.edu
Sydney,Strollo,sstrollo@smu.edu,Undergraduate Student,2025,Yes,UG Meadows School of the Arts,2/28/2024 6:29:47 PM,2/28/2024 6:29:47 PM,,,48531748@smu.edu
Lily,VanderMolen,lilyv@smu.edu,Undergraduate Student,2027,Yes,Dedman College,2/28/2024 6:30:00 PM,2/28/2024 6:30:00 PM,,,49155866@smu.edu
Kylah,Bergan,kbergan@smu.edu,Undergraduate Student,2027,Yes,UG Cox School of Business,2/28/2024 6:30:06 PM,2/28/2024 6:30:06 PM,,,49298450@smu.edu
David,Hudson,dahudson@smu.edu,Staff,Unknown,Yes,UG Meadows School of the Arts,2/28/2024 6:30:13 PM,2/28/2024 6:30:13 PM,,,48053906@smu.edu
Fope,Adejumo,fadejumo@smu.edu,Undergraduate Student,2024,No,Dedman College,2/28/2024 6:30:18 PM,2/28/2024 6:30:18 PM,,,48350215@smu.edu
Tristan,Deters,tdeters@smu.edu,Undergraduate Student,2027,Yes,UG Cox School of Business,2/28/2024 6:30:24 PM,2/28/2024 6:30:24 PM,,,49212806@smu.edu
Tuqa,Abualsoud,tabualsoud@smu.edu,Undergraduate Student,2024,No,UG Cox School of Business,2/28/2024 6:30:26 PM,2/28/2024 6:30:26 PM,,,48614181@smu.edu
Nour,Al-Zuraiqi,nalzuraiqi@mail.smu.edu,Undergraduate Student,2026,No,Dedman College,2/28/2024 6:30:39 PM,2/28/2024 6:30:39 PM,,,49084015@smu.edu
Chaitanya Rajendra,Rathod,chaitanyarajendrar@smu.edu,Graduate Student,2025,No,Computer Sci & Engr - Masters,2/28/2024 6:30:41 PM,2/28/2024 6:30:41 PM,,,49334317@smu.edu
Melodie,Zhu,melodiez@smu.edu,Faculty,Unknown,No,UG School of Engr & Appl Sci,2/28/2024 6:30:55 PM,2/28/2024 6:30:55 PM,,,48330078@smu.edu
Krista,Staeglich,kstaeglich@smu.edu,Undergraduate Student,2025,Yes,Dedman College,2/28/2024 6:31:03 PM,2/28/2024 6:31:03 PM,,,47204824@smu.edu
Ria,Shah,ryshah@smu.edu,Undergraduate Student,2027,Yes,UG Cox School of Business,2/28/2024 6:31:20 PM,2/28/2024 6:31:20 PM,,,49152629@smu.edu
Victor,Nguyen,victorn@smu.edu,Undergraduate Student,2024,No,Dedman College,2/28/2024 6:31:40 PM,2/28/2024 6:31:40 PM,,,48279521@smu.edu
Manasvi,Kanneganti,mkanneganti@smu.edu,Undergraduate Student,2027,No,SMU Pre-Majors,2/28/2024 6:31:41 PM,2/28/2024 6:31:41 PM,,,49111692@smu.edu
Michelle,Tes,mtes@smu.edu,Undergraduate Student,2026,Yes,Dedman College,2/28/2024 6:32:09 PM,2/28/2024 6:32:09 PM,,,48807075@smu.edu
Sarah,Mendoza,sarahmendoza@smu.edu,Undergraduate Student,2026,No,UG School of Engr & Appl Sci,2/28/2024 6:32:12 PM,2/28/2024 6:32:12 PM,,,48888338@smu.edu
Miles,Whelan,milesw@smu.edu,Undergraduate Student,2024,No,Dedman College,2/28/2024 6:33:56 PM,2/28/2024 6:33:56 PM,,,49053010@smu.edu
Andrusha,Parilov Harden,aparilovharden@smu.edu,Undergraduate Student,2026,No,UG Cox School of Business,2/28/2024 6:34:13 PM,2/28/2024 6:34:13 PM,,,48799665@smu.edu
Yousuf,Farra,yfarra@smu.edu,Undergraduate Student,2026,No,UG Cox School of Business,2/28/2024 6:35:03 PM,2/28/2024 6:35:03 PM,,,48870359@smu.edu
Caroline,Stewart,carolinestewart@smu.edu,Graduate Student,2026,No,Mechanical Engr - Masters,2/28/2024 6:15:53 PM,2/28/2024 6:15:54 PM,,,46608423@smu.edu
Chris,Gonzales,chrisgonzales@smu.edu,Undergraduate Student,2026,No,UG Cox School of Business,2/28/2024 6:35:16 PM,2/28/2024 6:35:16 PM,,,48855435@smu.edu
Taarika,Bhargava,tbhargava@smu.edu,Undergraduate Student,2026,No,UG Cox School of Business,2/28/2024 6:35:26 PM,2/28/2024 6:35:26 PM,,,48866953@smu.edu
Logan,Choi,lschoi@smu.edu,Undergraduate Student,2027,No,UG School of Engr & Appl Sci,2/28/2024 6:35:47 PM,2/28/2024 6:35:47 PM,,,49239443@smu.edu
Diego,Mendoza-Diaz,dmendozadiaz@smu.edu,Undergraduate Student,2026,No,UG School of Engr & Appl Sci,2/28/2024 6:37:31 PM,2/28/2024 6:37:31 PM,,,48858802@smu.edu
Sophie,Lin,sophielin@smu.edu,Undergraduate Student,2026,No,UG Cox School of Business,2/28/2024 6:38:49 PM,2/28/2024 6:38:49 PM,,,48833790@smu.edu
Ebere,Emefiele,eemefiele@smu.edu,Undergraduate Student,2026,No,Dedman College,2/28/2024 6:38:58 PM,2/28/2024 6:38:58 PM,,,48796818@smu.edu
Iyanna,Christie,ichristie@smu.edu,Undergraduate Student,2026,No,UG Meadows School of the Arts,2/28/2024 6:39:02 PM,2/28/2024 6:39:02 PM,,,48927624@smu.edu
Jacob,Garza,jwgarza@smu.edu,Undergraduate Student,2025,No,Dedman College,2/28/2024 6:40:07 PM,2/28/2024 6:40:07 PM,,,48623905@smu.edu
Kennedy,Phillips,kmphillips@smu.edu,Undergraduate Student,2025,No,UG Cox School of Business,2/28/2024 6:40:18 PM,2/28/2024 6:40:18 PM,,,48467320@smu.edu
Sarah,Khoja,szkhoja@smu.edu,Undergraduate Student,2024,No,Dedman College,2/28/2024 6:40:30 PM,2/28/2024 6:40:30 PM,,,48466787@smu.edu
Daniyal,Saleem,dsaleem@smu.edu,Undergraduate Student,2027,No,UG School of Engr & Appl Sci,2/28/2024 6:40:48 PM,2/28/2024 6:40:48 PM,,,49288466@smu.edu
Emmy,McBride,emmcbride@smu.edu,Undergraduate Student,2026,No,UG Cox School of Business,2/28/2024 6:41:39 PM,2/28/2024 6:41:40 PM,,,48930523@smu.edu
Christian,Castro,cdcastro@smu.edu,Graduate Student,2025,No,Data Science Master's,2/28/2024 6:41:55 PM,2/28/2024 6:41:56 PM,,,47964791@smu.edu
Luke,Voinov,lvoinov@smu.edu,Undergraduate Student,2027,No,UG School of Engr & Appl Sci,2/28/2024 6:42:02 PM,2/28/2024 6:42:02 PM,,,49310774@smu.edu
Cirenio,Lopez,cblopez@smu.edu,Graduate Student,2026,No,"Engr Mgmt, Info & Sys-Masters",2/28/2024 6:42:10 PM,2/28/2024 6:42:10 PM,,,48992000@smu.edu
John,Hebert,jahebert@smu.edu,Undergraduate Student,2027,No,UG Meadows School of the Arts,2/28/2024 6:42:17 PM,2/28/2024 6:42:17 PM,,,49157790@smu.edu
Austin,Carnline,lcarnline@smu.edu,Undergraduate Student,2026,No,UG School of Engr & Appl Sci,2/28/2024 6:42:18 PM,2/28/2024 6:42:18 PM,,,48831138@smu.edu
Raissa,Umwali,rumwali@smu.edu,Undergraduate Student,2025,No,UG School of Engr & Appl Sci,2/28/2024 6:42:28 PM,2/28/2024 6:42:28 PM,,,49361526@smu.edu
Yang,Chu,chuy@smu.edu,Graduate Student,2025,No,Electrical Engr - Masters,2/28/2024 6:45:04 PM,2/28/2024 6:45:04 PM,,,49265118@smu.edu
Pengfang,Chen,pengfangc@smu.edu,Graduate Student,2025,No,Computer Sci & Engr - Masters,2/28/2024 6:45:28 PM,2/28/2024 6:45:28 PM,,,49364854@smu.edu
Yunfeng,Huang,yunfeng@smu.edu,Graduate Student,2025,No,Computer Sci & Engr - Masters,2/28/2024 6:45:39 PM,2/28/2024 6:45:39 PM,,,49333394@smu.edu
Aisha,Aslam,aisha@smu.edu,Undergraduate Student,2024,No,Dedman College,2/28/2024 6:45:47 PM,2/28/2024 6:45:47 PM,,,48185050@smu.edu
Reyna,Reyes,rdreyes@smu.edu,Undergraduate Student,2024,No,UG Cox School of Business,2/28/2024 6:46:01 PM,2/28/2024 6:46:02 PM,,,48210595@smu.edu
Juan,Silva,jasilva@smu.edu,Undergraduate Student,2024,Yes,UG Meadows School of the Arts,2/28/2024 6:46:10 PM,2/28/2024 6:46:10 PM,,,48697563@smu.edu
Andrew,Pan,aapan@smu.edu,Undergraduate Student,2025,No,UG Cox School of Business,2/28/2024 6:46:18 PM,2/28/2024 6:46:18 PM,,,48470115@smu.edu
Blake,Gebhardt,bgebhardt@smu.edu,Undergraduate Student,2024,No,UG School of Engr & Appl Sci,2/28/2024 6:46:29 PM,2/28/2024 6:46:29 PM,,,48272033@smu.edu
Rachel,Schellsmidt,rschellsmidt@smu.edu,Staff,Unknown,No,Dedman College,2/28/2024 6:46:39 PM,2/28/2024 6:46:39 PM,,,48279664@smu.edu
Andrea,Yang,aryang@smu.edu,Undergraduate Student,2026,No,Dedman College,2/28/2024 6:48:24 PM,2/28/2024 6:48:24 PM,,,48780503@smu.edu
Helena,Chen,helenac@smu.edu,Graduate Student,2025,No,Busn Analytics-Masters,2/28/2024 6:48:42 PM,2/28/2024 6:48:42 PM,,,48294302@smu.edu
Morgan,Kiser,makiser@smu.edu,Undergraduate Student,2024,No,UG Meadows School of the Arts,2/28/2024 6:48:58 PM,2/28/2024 6:48:58 PM,,,48244681@smu.edu
Arian,Shamaei,ashamaei@smu.edu,Undergraduate Student,2025,No,UG School of Engr & Appl Sci,2/28/2024 6:24:40 PM,2/28/2024 6:24:40 PM,,,48575181@smu.edu
Krithi,Bolledula,kbolledula@smu.edu,Undergraduate Student,2026,No,Dedman College,2/28/2024 6:51:31 PM,2/28/2024 6:51:31 PM,,,48795856@smu.edu
Shuang,Liang,liangs@smu.edu,Graduate Student,Unknown,No,,2/28/2024 6:52:59 PM,2/28/2024 6:52:59 PM,,,48350631@smu.edu
Ping,He,phe@smu.edu,Graduate Student,2025,No,Computer Sci & Engr - Masters,2/28/2024 6:53:16 PM,2/28/2024 6:53:16 PM,,,49288791@smu.edu
Megan,Appel,msappel@smu.edu,Undergraduate Student,2027,No,UG School of Engr & Appl Sci,2/28/2024 6:54:40 PM,2/28/2024 6:54:40 PM,,,49111250@smu.edu
Jack,Motta,jmotta@smu.edu,Graduate Student,2025,No,Statistical Sciences - Masters,2/28/2024 6:55:16 PM,2/28/2024 6:55:16 PM,,,47939818@smu.edu
Logan Rhys,Hallwas,lhallwas@smu.edu,Graduate Student,2025,No,Theatre - Masters,2/28/2024 6:56:05 PM,2/28/2024 6:56:05 PM,,,48989465@smu.edu
Victor,Marcinkiewicz,wmarcinkiewicz@smu.edu,Undergraduate Student,2025,No,UG Meadows School of the Arts,2/28/2024 6:56:19 PM,2/28/2024 6:56:19 PM,,,47749849@smu.edu
Victoria,Monteros,vmonteros@smu.edu,Graduate Student,2024,Yes,Education - Masters,2/28/2024 6:56:31 PM,2/28/2024 6:56:31 PM,,,48666909@smu.edu
Francesca,Santodomingo,ngelar@smu.edu,Graduate Student,2025,No,Theatre - Masters,2/28/2024 6:56:46 PM,2/28/2024 6:56:46 PM,,,48990583@smu.edu
Nina,Derashri,nderashri@smu.edu,Undergraduate Student,2026,No,Dedman College,2/28/2024 6:56:53 PM,2/28/2024 6:56:53 PM,,,48869475@smu.edu
Martina,Perkovic,mperkovic@smu.edu,Undergraduate Student,2026,No,UG School of Engr & Appl Sci,2/28/2024 6:57:20 PM,2/28/2024 6:57:20 PM,,,48878965@smu.edu
Shivani,Ramkumar,sramkumar@smu.edu,Undergraduate Student,2027,No,UG Cox School of Business,2/28/2024 6:57:37 PM,2/28/2024 6:57:37 PM,,,48930991@smu.edu
Angelica,Barrera,ambarrera@smu.edu,Undergraduate Student,2026,No,UG Meadows School of the Arts,2/28/2024 6:58:23 PM,2/28/2024 6:58:23 PM,,,49360616@smu.edu
Gloria,Hu,gmhu@smu.edu,Undergraduate Student,2027,No,UG School of Engr & Appl Sci,2/28/2024 7:01:06 PM,2/28/2024 7:01:06 PM,,,49092140@smu.edu
Angelie,Ramirez,auramirez@smu.edu,Undergraduate Student,2027,No,UG Cox School of Business,2/28/2024 7:03:23 PM,2/28/2024 7:03:23 PM,,,49307680@smu.edu
Abby,Kim,abbykim@smu.edu,Undergraduate Student,2027,No,UG Meadows School of the Arts,2/28/2024 7:03:35 PM,2/28/2024 7:03:35 PM,,,49143919@smu.edu
Brandon,Kitchin,bkitchin@smu.edu,Staff,Unknown,No,,2/28/2024 7:05:05 PM,2/28/2024 7:05:05 PM,,,46789427@smu.edu
Sarah,Shen,sjshen@smu.edu,Graduate Student,2025,No,Accounting - Masters,2/28/2024 7:07:02 PM,2/28/2024 7:07:02 PM,,,48332899@smu.edu
Daniel,Ryan,djryan@smu.edu,Faculty,Unknown,No,UG Meadows School of the Arts,2/28/2024 7:07:16 PM,2/28/2024 7:07:16 PM,,,48179239@smu.edu
Precious,Nibigigwe,pnibigigwe@smu.edu,Undergraduate Student,2025,No,UG Meadows School of the Arts,2/28/2024 7:09:13 PM,2/28/2024 7:09:13 PM,,,48562779@smu.edu
Paul,Alexander,pdalexander@smu.edu,Undergraduate Student,2025,No,Dedman College,2/28/2024 7:14:32 PM,2/28/2024 7:14:32 PM,,,48486469@smu.edu
Sophia,Wang,sywang@smu.edu,Undergraduate Student,2027,No,UG Cox School of Business,2/28/2024 7:15:26 PM,2/28/2024 7:15:27 PM,,,49207437@smu.edu
Ritik,Khandelwal,rkhandelwal@smu.edu,Graduate Student,2025,No,Computer Sci & Engr - Masters,2/28/2024 7:23:51 PM,2/28/2024 7:23:51 PM,,,49347408@smu.edu
